Original_index	Level	Language	Sentence	Normalized	Corrected	Clause_type	Verb_type	Error_type	Clause_structure	Annotated	A1	A2	Target_hypothesis
1	A2	Arabisch	Kunnen wandelen wij?	Kunnen wandelen wij?	Kunnen wij wandelen?	p	nf	verb-final	fv nfv s	human			Kunnen wij wandelen?
2	A2	Arabisch	Bovendien wij de musea kunnen bezoeken, ik denk dat de Chocolade museum in Brussel uitstekend is.	Bovendien wij de musea kunnen bezoeken.	Bovendien kunnen wij de musea bezoeken.	m	f	verb-second	a s o fv nfv	human			Bovendien kunnen wij de musea bezoeken.
6	B2	Russisch	Maar wat, wanneer en hoeveel heeft kind op een bepaalde manier nodig kent allen hun ouder.	Maar wat, wanneer en hoeveel heeft een kind op een bepaalde manier nodig, weet alleen zijn ouder.	Maar wat, wanneer en hoeveel een kind op een bepaalde manier nodig heeft, weet alleen zijn ouder.	s	f	verb-final	se fv s a a	human			Maar wat, wanneer en hoeveel een kind op een bepaalde manier nodig heeft, weet alleen zijn ouder.
8	B1	Frans	Dat is inderdaad beter dat je niet Kim sport te doen dwingt.	Dat is inderdaad beter dat je Kim niet te sporten dwingt.	Dat is inderdaad beter dat je Kim niet dwingt te sporten.	s	ic	post-verbal	se s o a te nfv fv	human			Dat is inderdaad beter dat je Kim niet dwingt te sporten.
10	B1	Frans	Ik denk dat is een goed idee dat je en jouw dochter naar school fietsen.	Ik denk dat dat is een goed idee dat jij en jouw dochter naar school fietsen.	Ik denk dat dat een goed idee is dat jij en jouw dochter naar school fietsen.	s	f	verb-final	se s fv o	human			Ik denk dat dat een goed idee is dat jij en jouw dochter naar school fietsen.
11	B1	Frans	Ik denk dat is ook een goed idee een fitness coach te zien.	Ik denk dat het is ook een goed idee om een fitness coach te zien.	Ik denk dat het ook een goed idee is om een fitness coach te zien.	s	f	verb-final	se s fv a o	human			Ik denk dat het ook een goed idee is om een fitness coach te zien.
12	B1	Frans	Dat werked wel voor me als het moeilijk schermenclub vinden was.	Dat werkte goed voor mij toen het moeilijk om een schermenclub te vinden was.	Dat werkte goed voor mij toen het moeilijk was om een schermenclub te vinden.	s	ic	post-verbal	se s a om o te nfv fv	human			Dat werkte goed voor mij toen het moeilijk was om een schermenclub te vinden.
14	B1+	Spaans	De mensen die wonen in dorpen zijn zo conservatief.	De mensen die wonen in dorpen zijn zo conservatief.	De mensen die in dorpen wonen zijn zo conservatief.	s	f	verb-final	se fv a	human			De mensen die in dorpen wonen zijn zo conservatief.
15	B2	Chinees	Er zijn vele uitspraken in Nederlands die bestaan niet in Aziatische talen.	Er zijn vele uitspraken in het Nederlands die bestaan niet in Aziatische talen.	Er zijn vele uitspraken in het Nederlands die in Aziatische talen niet bestaan.	s	f	verb-final	se fv a a	human			Er zijn vele uitspraken in het Nederlands die in Aziatische talen niet bestaan.
16	B1+	Russisch	Ik wil verduidelijken dat ik over de mensen die kleine misdaden hebben gepleegd spreek.	Ik wil verduidelijken dat ik over de mensen die kleine misdaden hebben gepleegd spreek.	Ik wil verduidelijken dat ik spreek over de mensen die kleine misdaden hebben gepleegd.	s	pc	post-verbal	se s pc fv	human	0		Ik wil verduidelijken dat ik spreek over de mensen die kleine misdaden hebben gepleegd.
19	A2	Turks	Ik ben afgestudeerd aan de muziekacademie toen ik was op middelbare school.	Ik ben afgestudeerd aan de muziekacademie toen ik zat op de middelbare school.	Ik ben afgestudeerd aan de muziekacademie toen ik op de middelbare school zat.	s	f	verb-final	se s fv a	human			Ik ben afgestudeerd aan de muziekacademie toen ik op de middelbare school zat.
21	A2+	Catalaans	�en ding dat mij uniek maakt is dat ik kan op mensen klimmen, en we kunnen samen menselijke torens maken.	��n ding dat mij uniek maakt is dat ik kan op mensen klimmen.	��n ding dat mij uniek maakt is dat ik op mensen kan klimmen.	s	f	verb-final	se s fv a nfv	human			��n ding dat mij uniek maakt is dat ik op mensen kan klimmen.
22	A2+	Catalaans	Ik studeer het Nederlands omdat ik leer graag talen (of ik talen weet graag?), maar ook omdat mijn collega�s op het werk het Nederlands veel spreken.	Ik studeer het Nederlands omdat ik leer graag talen.	Ik studeer het Nederlands omdat ik graag talen leer.	s	f	verb-final	se s fv a o	human		Ik studeer Nederlands omdat ik graag talen leer.	Ik studeer het Nederlands omdat ik graag talen leer.
24	A2+	Catalaans	Wat vind ik moeilijk in het Nederlands is het zinstructuur, maar ik ga veel studeren!	Wat vind ik moeilijk in het Nederlands is de zinsstructuur.	Wat ik moeilijk vind in het Nederlands is de zinsstructuur.	s	f	verb-final	se fv s a a	human			Wat ik moeilijk vind in het Nederlands is de zinsstructuur.
26	A2+	Frans	Tijdens het etentje, Sam heeft begrijpt dat  Paolo en Anna drie keer per week contact hebben om te Italiaans en Nederlands praktiseren.	Tijdens het etentje Sam heeft begrepen dat Paolo en Anna drie keer per week contact hebben om te Italiaans en Nederlands oefenen.	Tijdens het etentje heeft Sam begrepen dat Paolo en Anna drie keer per week contact hebben om Italiaans en Nederlands te oefenen.	m	f	verb-second	a s fv nfv	human			Tijdens het etentje heeft Sam begrepen dat Paolo en Anna drie keer per week contact hebben om Italiaans en Nederlands te oefenen.
29	B1	Frans	Wij zijn een rustig koppel die houdt van muziek, sport en reizen.	Wij zijn een rustig koppel dat houdt van muziek, sporten en reizen.	Wij zijn een rustig koppel dat van muziek, sporten en reizen houdt.	s	f	verb-final	se fv po	human			Wij zijn een rustig koppel dat van muziek, sporten en reizen houdt.
30	B1	Engels	Als Ik was een fotograf, dan ik niet in een klaslokaal op een universiteit worden zitten.	Als ik was een fotograaf dan ik niet in een klaslokaal op een universiteit zou zitten.	Als ik een fotograaf was dan zou ik niet in een klaslokaal op een universiteit zitten.	s	f	verb-final	se s fv o	human			Als ik een fotograaf was dan zou ik niet in een klaslokaal op een universiteit zitten.
30	B1	Engels	Als Ik was een fotograf, dan ik niet in een klaslokaal op een universiteit worden zitten.	Als ik was een fotograaf dan ik niet in een klaslokaal op een universiteit zou zitten.	Als ik een fotograaf was dan zou ik niet in een klaslokaal op een universiteit zitten.	m	f	verb-second	m s a a a fv nfv	human			Als ik een fotograaf was dan zou ik niet in een klaslokaal op een universiteit zitten.
32	A2	Russisch	Ik ben heel blij dat je tijd heeft om te bezoek me.	Ik ben heel blij dat je tijd hebt om te bezoeken me.	Ik ben heel blij dat je tijd hebt om me te bezoeken.	s	ic	post-verbal	se s o fv om te nfv o	human			Ik ben heel blij dat je tijd hebt om me te bezoeken.
33	A2	Russisch	We moeten zeker bezoeken het Rubensmuseum, het bekendste museum van de stad.	We moeten zeker bezoeken het Rubensmuseum.	We moeten zeker het Rubensmuseum bezoeken.	m	nf	verb-final	s fv a nfv o	human			We moeten zeker het Rubensmuseum bezoeken.
34	A2	Spaans	Kinsale heeft enkele parken naast de zee, waar kunnen jouw kinderen zich amuseren.	Kinsale heeft enkele parken naast de zee waar kunnen jouw kinderen zich amuseren.	Kinsale heeft enkele parken naast de zee waar jouw kinderen zich kunnen amuseren.	s	f	verb-final	se fv s m nfv	human			Kinsale heeft enkele parken naast de zee waar jouw kinderen zich kunnen amuseren.
35	A2	Spaans	Ik zou graag samen met jou de dorp willen bezoeken, maar woon ik nu in Leuven.	Ik zou graag samen met jou het dorp willen bezoeken, maar woon ik nu in Leuven.	Ik zou graag samen met jou het dorp willen bezoeken, maar ik woon nu in Leuven.	m	f	verb-second	fv s a a 	human			Ik zou graag samen met jou het dorp willen bezoeken, maar ik woon nu in Leuven.
36	B1	Frans	Wat mij betreft, zou ik helemaal geen brandweerman willen zijn.	Wat mij betreft, zou ik helemaal geen brandweerman willen zijn.	Wat mij betreft, ik zou helemaal geen brandweerman willen zijn.	m	f	verb-second	fv s a a o nfv nfv	human			Wat mij betreft, ik zou helemaal geen brandweerman willen zijn.
45	A2	Spaans	Op vrijdag s�morgen kunnen we gaan naar Leuven en bezoeken we het oud stadhuis, er is heel mooi, in de namiddag kunnen we naar zwartehond cafe en eten we hier, dat cafe heeft uitstekende broodjes en desserts.	Vrijdagmorgen kunnen we gaan naar Leuven.	Vrijdagmorgen kunnen we naar Leuven gaan.	m	nf	verb-final	a fv s nfv a	human		Op vrijdagmorgen kunnen we naar Leuven gaan.	Vrijdagmorgen kunnen we naar Leuven gaan.
47	B1	Frans	Ten eerst, de architectuur is geweldig, met heel veel bezienswaardigheden van de middleeuwen: kerken, bouwen, toren, en het mooie kasteel �het Gravensteen�.	Ten eerste de architectuur is geweldig.	Ten eerste is de architectuur geweldig.	m	f	verb-second	a s fv a	human			Ten eerste is de architectuur geweldig.
48	B1	Frans	Ten tweede, de kunst in Gent is erg ontwikkeld en gevarieerd.	Ten tweede de kunst in Gent is erg ontwikkeld en gevarieerd.	Ten tweede is de kunst in Gent erg ontwikkeld en gevarieerd.	m	f	verb-second	a s a fv a a m a	human			Ten tweede is de kunst in Gent erg ontwikkeld en gevarieerd.
49	B1	Frans	Ten slotte, elke drie jaar organiseert de stad Gent een lichtfestival.	Ten slotte elke drie jaar organiseert de stad Gent een lichtfestival.	Ten slotte organiseert de stad Gent elke drie jaar een lichtfestival.	m	f	verb-second	a a fv s o	human			Ten slotte organiseert de stad Gent elke drie jaar een lichtfestival.
52	A2	Frans	Ten tweede de belge bevolking agressiefer dan voor worden ?	Ten tweede, de belgische bevolking agressiever dan voorheen wordt?	Ten tweede, wordt de belgische bevolking agressiever dan voorheen?	p	f	verb-first	s a m a fv	human			Ten tweede, wordt de belgische bevolking agressiever dan voorheen?
53	A2	Frans	Een heel goed punt om de overbevolking te verminderen is de opsluiting voor kleine delinquentie vervangen door weerstraf en zodat we de mensen kunnen beter begeleiden.	Een heel goed punt om de overbevolking te verminderen is het opsluiten van kleine delinquenten te vervangen door werkstraf zodat we de mensen kunnen beter begeleiden.	Een heel goed punt om de overbevolking te verminderen is het opsluiten van kleine delinquenten te vervangen door werkstraf zodat we de mensen beter kunnen begeleiden.	s	f	verb-final	se s o fv a nfv	human			Een heel goed punt om de overbevolking te verminderen is het opsluiten van kleine delinquenten te vervangen door werkstraf zodat we de mensen beter kunnen begeleiden.
54	A2	Arabisch	Ik ben Bouchra KHAIL, ik vlog de N�derlands cursus niveau 2,  zoals u weet, we mondeling examen op 27 Januari  hebben, maar ik heb mijn vlucht naar Marokko de dezelfde dag, zo i kan dit examen niet afleggen.	Zoals u weet, we een mondeling examen op 27 januari hebben.	Zoals u weet, hebben we een mondeling examen op 27 januari.	m	f	verb-second	s o a fv	human			Zoals u weet, hebben we een mondeling examen op 27 januari.
58	A2	Spaans	Ik werkte voor 20 jaars in Wall Street (New York) maar nu, ik heb een sabbatical en ik studeer een Advanced Master in Economie aan KU Leuven.	Nu ik heb een sabbatical.	Nu heb ik een sabbatical.	m	f	verb-second	a s fv o	human			Nu heb ik een sabbatical.
61	A2	Roemeens	Dus echt een beter milieu begint bij jezelf.	Dus echt een beter milieu begint bij jezelf.	Een beter milieu begint dus echt bij jezelf.	m	f	verb-second	a a s fv a	human			Een beter milieu begint dus echt bij jezelf.
62	B1	Luxemburgs	Ik moet toegeven dat ik dat niet zo goed kan of dat zijn niet mijn sterktes.	Ik moet toegeven dat ik dat niet zo goed kan of dat dat zijn niet mijn sterktes.	Ik moet toegeven dat ik dat niet zo goed kan of dat dat niet mijn sterktes zijn.	s	f	verb-final	se s fv a o	human			Ik moet toegeven dat ik dat niet zo goed kan of dat dat niet mijn sterktes zijn.
69	A2+	Russisch	Daar kan je ook caf�s vinden, maar ik denk dat de caf�s op deze straat zijn slechter dan de caf�s op Graslei.	Ik denk dat de caf�s op deze straat zijn slechter dan de caf�s op Graslei.	Ik denk dat de caf�s op deze straat slechter zijn dan de caf�s op Graslei.	s	f	verb-final	se s a fv a	human			Ik denk dat de caf�s op deze straat slechter zijn dan de caf�s op Graslei.
70	A2+	Russisch	In de middag kunnen wij naar Bavet gaan, omdat ik hem is de lekkerste plaats in Gent.	In de middag kunnen wij naar Bavet gaan, omdat dat is de lekkerste plaats in Gent.	Op de middag kunnen wij naar Bavet gaan, omdat hij de lekkerste plaats in Gent is.	s	f	verb-final	se s fv o a	human	In de middag kunnen wij naar Bavet gaan, omdat dat de lekkerste plaats in Gent is.	Op de middag kunnen wij naar Bavet gaan, omdat dat de leukste plek in Gent is.	In de middag kunnen wij naar Bavet gaan, omdat dat de lekkerste plaats in Gent is.
71	A2+	Frans	In mijn vrije tijd, ik speelde graag Lego en bordspelletjes met mijn broers en ouders, ik fietste en ik speelde graag met een bal op het strand.	In mijn vrije tijd ik speelde graag Lego en bordspelletjes met mijn broers en ouders.	In mijn vrije tijd speelde ik graag Lego en bordspelletjes met mijn broers en ouders.	m	f	verb-second	a s fv a o m o a	human			In mijn vrije tijd speelde ik graag Lego en bordspelletjes met mijn broers en ouders.
73	A2	Chinees	Ik volg nu een cursus Nederlands aan het ILT van de KU Leuven, waarin heb ik bijna mijn alle vrienden leren kennen.	Ik volg nu een cursus Nederlands aan het ILT van de KU Leuven, waarin heb ik bijna al mijn vrienden leren kennen.	Ik volg nu een cursus Nederlands aan het ILT van de KU Leuven, waarin ik bijna al mijn vrienden heb leren kennen.	s	f	verb-final	se fv s a o nfv nfv	human		Ik volg nu een cursus Nederlands aan het ILT van de KU Leuven, waar ik bijna al mijn vrienden heb leren kennen.	Ik volg nu een cursus Nederlands aan het ILT van de KU Leuven, waarin ik bijna al mijn vrienden heb leren kennen.
74	A2	Chinees	ik vind dat Leuven en Gent zijn comfortable steden, Er sta KU Universiteit in Leuven en  vol cultuur is.	Ik vind dat Leuven en Gent zijn comfortabele steden.	Ik vind dat Leuven en Gent comfortabele steden zijn.	s	f	verb-final	se s fv a o	human			Ik vind dat Leuven en Gent comfortabele steden zijn.
75	A2	Chinees	Gent en Li�ge is niet druk, vind ik dat rustig en mooi zijn.	Vind ik dat ze rustig en mooi zijn.	Ik vind dat ze rustig en mooi zijn.	m	f	verb-second	fv s	human			Ik vind dat ze rustig en mooi zijn.
76	A2	Chinees	Als jij hout van een mix van cultuur en natuur! We moeten gaan Leuven, Gent en Li�ge bezoeken.	We moeten gaan Leuven, Gent en Li�ge bezoeken.	We moeten Leuven, Gent en Li�ge gaan bezoeken.	m	nf	verb-final	s fv nfv o nfv	human			We moeten Leuven, Gent en Li�ge gaan bezoeken.
78	A2	Engels	Omdat ik woon in Belgi�, studeer ik Nederlands.	Omdat ik woon in Belgi�, studeer ik Nederlands.	Omdat ik in Belgi� woon, studeer ik Nederlands.	s	f	verb-final	se s fv a	human			Omdat ik in Belgi� woon, studeer ik Nederlands.
79	A2	Roemeens	De doktor zegt dat ik mij goed verzorgen moet en ik moet veel rusten!	De dokter zegt dat ik goed voor mezelf zorgen moet.	De dokter zegt dat ik goed voor mezelf moet zorgen.	s	nf	verb-final	se s a po nfv fv	human			De dokter zegt dat ik goed voor mezelf moet zorgen.
80	B1+	Spaans	Als ik een tip zou geven naar de mensen die hulp nodig met inburgering hebben , zou ik zeggen dat je mag proberen om andere culturen te begrijpen MAAR altijd over jouw eigene cultuur informeren,helaas dat werkt niet altijd omdat ik veel identiteitcrisis heb gehad maar het is een deel van het proces.	Als ik een tip zou geven aan de mensen die hulp nodig met de inburgering hebben, zou ik zeggen dat je moet proberen andere culturen te begrijpen.	Als ik een tip zou geven naar de mensen die hulp nodig hebben met de inburgering, zou ik zeggen dat je moet proberen andere culturen te begrijpen.	s	pc	post-verbal	se o a pc fv	human	Als ik een tip zou geven aan de mensen die hulp nodig hebben met de inburgering, zou ik zeggen dat je moet proberen andere culturen te begrijpen.	Als ik een tip zou moeten geven aan de mensen die hulp nodig hebben met de inburgering, zou ik zeggen dat je moet proberen andere culturen te begrijpen. 	Als ik een tip zou geven aan de mensen die hulp nodig hebben met de inburgering, zou ik zeggen dat je moet proberen andere culturen te begrijpen.
81	A2	Russisch	Ik zal bel je en we maken een afspraak.	Ik zal bellen je en we maken een afspraak.	Ik zal je bellen en we maken een afspraak.	m	nf	verb-final	s fv nfv o	human			Ik zal je bellen en we maken een afspraak.
82	B2	Arabisch	Eigelijk het heeft ook meer te maken met de oersoonlijkheid en het identiteit van de expat, of hij introvert of sociaal is, of het type dat zichzelf veel vertrouwt.	Eigenlijk het heeft ook meer te maken met de persoonlijkheid en de identiteit van de expat.	Eigenlijk heeft het ook meer te maken met de persoonlijkheid en de identiteit van de expat.	m	f	verb-second	a s fv a a te nfv pc	human			Eigenlijk heeft het ook meer te maken met de persoonlijkheid en de identiteit van de expat.
84	B2	Arabisch	hier moeten we niet vergeten, dat iemand de leeftijd van achttien bereikt, wordt hij dan zelfstandig, dus hij moet wel zelf werken en studeren, daadoor zijn er veel mensen die geen tijd hebben.	Hierbij mogen we niet vergeten dat, als iemand de leeftijd van achttien bereikt, wordt hij zelfstandig.	Hierbij mogen we niet vergeten dat, als iemand de leeftijd van achttien bereikt, hij zelfstandig wordt.	s	f	verb-final	se m fv s a	human			Hierbij mogen we niet vergeten dat, als iemand de leeftijd van achttien bereikt, hij zelfstandig wordt.
85	B2	Chinees	Over de activiteiten die moeten samengespeeld worden zoals tennissen, badminton spelen enzovoort, had ik lastig om partners te vinden, of om met elkaar een juist tijdstip aan te passen.	Bij de activiteiten die moeten samen gespeeld worden zoals tennis, badminton enzovoort, was het lastig voor mij om partners te vinden.	Bij de activiteiten die samen moeten worden gespeeld zoals tennis, badminton enzovoort, was het lastig voor mij om partners te vinden.	s	f	verb-final	se fv a nfv nfv m	human			Bij de activiteiten die samen moeten worden gespeeld zoals tennis, badminton enzovoort, was het lastig voor mij om partners te vinden.
88	B1+	Chinees	Voordat de besmet mensen van bewust waren, misschien hadden ze al andere mensen besmetten.	Voordat de besmette mensen zich ervan bewust waren, misschien hadden ze al andere mensen besmet.	Voordat de besmette mensen er zich van bewust waren, hadden ze misschien al andere mensen besmet.	m	f	verb-second	m a fv s a o a	human	Voordat de besmette mensen er zich van bewust waren, hadden ze misschien al andere mensen besmet.	Voordat de besmette mensen zich ervan bewust waren, hadden ze misschien al andere mensen besmet.	Voordat de besmette mensen zich ervan bewust waren, hadden ze misschien al andere mensen besmet.
91	A2+	Italiaans	Toen ze haar koffie aan het drinken was, zag ze een vrouw tegen haar lopen die zag er boos en bang uit.	Toen ze haar koffie aan het drinken was, zag ze een vrouw tegen haar aanlopen die zag er boos en bang uit.	Toen ze haar koffie aan het drinken was, zag ze een vrouw tegen haar aanlopen die er boos en bang uitzag.	s	f	verb-final	se fv m a p	human			Toen ze haar koffie aan het drinken was, zag ze een vrouw tegen haar aanlopen die er boos en bang uitzag.
94	A2+	Italiaans	We hebben veel fietsen teruggevonden hier in Leuven, dus hopelijk we zal uw fiets ook teruggvinden.	We hebben veel fietsen teruggevonden hier in Leuven, dus hopelijk we zullen uw fiets ook terugvinden.	We hebben veel fietsen teruggevonden hier in Leuven, dus hopelijk zullen we uw fiets ook terugvinden.	m	f	verb-second	a s fv o a nfv	human			We hebben veel fietsen teruggevonden hier in Leuven, dus hopelijk zullen we uw fiets ook terugvinden.
98	A2+	Chinees	De liedjes van Poulenc zijn eclectish en fris-huppelend, kristalhelder en razendsnel, daarom ik wil dit concert gaan.	De liedjes van Poulenc zijn eclectisch, kristalhelder en razendsnel, daarom ik wil naar dit concert gaan.	De liedjes van Poulenc zijn eclectisch, kristalhelder en razendsnel, daarom wil ik naar dit concert gaan.	m	f	verb-second	ce s fv a nfv	human			De liedjes van Poulenc zijn eclectisch, kristalhelder en razendsnel, daarom wil ik naar dit concert gaan.
99	A2+	Italiaans	Daarna als we tijd hebben we met de train naar Brussel gaan en we bezoeken het Museum voor Natuurwetenschappen.	Daarna als we tijd hebben we met de trein naar Brussel gaan en we bezoeken het Museum voor Natuurwetenschappen.	Daarna gaan we met de trein naar Brussel als we tijd hebben en bezoeken we het Museum voor Natuurwetenschappen.	m	f	verb-second	a m s a a fv	human		Als we tijd hebben, gaan we daarna met de trein naar Brussel en bezoeken we het Museum voor Natuurwetenschappen. 	Daarna gaan we met de trein naar Brussel als we tijd hebben en bezoeken we het Museum voor Natuurwetenschappen.
99	A2+	Italiaans	Daarna als we tijd hebben we met de train naar Brussel gaan en we bezoeken het Museum voor Natuurwetenschappen.	Daarna als we tijd hebben we met de trein naar Brussel gaan en we bezoeken het Museum voor Natuurwetenschappen.	Daarna gaan we met de trein naar Brussel als we tijd hebben en bezoeken we het Museum voor Natuurwetenschappen.	m	f	verb-second	ce s fv o	human		Als we tijd hebben, gaan we daarna met de trein naar Brussel en bezoeken we het Museum voor Natuurwetenschappen.	Daarna gaan we met de trein naar Brussel als we tijd hebben en bezoeken we het Museum voor Natuurwetenschappen.
100	A2+	Engels	Ten eerste denk ik dat als je de cultuur van een ander land will kennenleren, moet jij de taal begrijpen.	Ten eerste denk ik dat als je de cultuur van een ander land wilt leren kennen moet je de taal begrijpen.	Ten eerste denk ik dat je de taal moet begrijpen als je de cultuur van een ander land wilt leren kennen.	s	f	verb-final	se m fv s o nfv	human			Ten eerste denk ik dat je de taal moet begrijpen als je de cultuur van een ander land wilt leren kennen.
102	A2+	Engels	Verder, als jij met de locale bevolking om in hun eigen taal te spreken probeer, worden ze natuurlijk veel vriendlijker en gemakkelijker.	Als je verder met de lokale bevolking in hun eigen taal te spreken probeert, worden ze natuurlijk veel vriendelijker en gemakkelijker.	Als je verder probeert met de lokale bevolking in hun eigen taal te spreken, worden ze natuurlijk veel vriendelijker en gemakkelijker.	s	ic	post-verbal	se s a po a te nfv fv	human		Als je verder probeert met de lokale bevolking in haar eigen taal te spreken, wordt zij natuurlijk veel vriendelijker en gemakkelijker.	Als je verder probeert met de lokale bevolking in hun eigen taal te spreken, worden ze natuurlijk veel vriendelijker en gemakkelijker.
103	A2+	Engels	Ik geloov dat het heel vriendelijk van Vlamingen om hun taal te aanpassen is.	Ik geloof dat het heel vriendelijk van Vlamingen om hun taal te aan passen is.	Ik geloof dat het heel vriendelijk is van Vlamingen om hun taal aan te passen.	s	ic	post-verbal	se s a a pc om o te p nfv fv	human			Ik geloof dat het heel vriendelijk is van Vlamingen om hun taal aan te passen.
105	B1	Italiaans	Aan de andere kant, mijn tweede kind, Sofie, heeft verschillende sporten geprobeerd.	Aan de andere kant mijn tweede kind, Sofie, heeft verschillende sporten geprobeerd.	Aan de andere kant heeft mijn tweede kind, Sofie, verschillende sporten geprobeerd.	m	f	verb-second	a s fv o nfv	human			Aan de andere kant heeft mijn tweede kind, Sofie, verschillende sporten geprobeerd.
108	B1	Italiaans	Ik raadde hem een muziekinstrument spelen aan, en hij onmiddellijk glimlachte en piano als instrument koos.	Ik raadde hem een muziekinstrument te spelen aan en hij onmiddellijk glimlachte en een piano als instrument koos.	Ik raadde hem aan een muziekinstrument te spelen en hij glimlachte onmiddellijk en koos als instrument een piano.	m	ic	post-verbal	s fv o te nfv p	human		Ik raadde hem aan een muziekinstrument te bespelen en hij glimlachte onmiddellijk en koos als instrument een piano.	Ik raadde hem aan een muziekinstrument te spelen en hij glimlachte onmiddellijk en koos als instrument een piano.
108	B1	Italiaans	Ik raadde hem een muziekinstrument spelen aan, en hij onmiddellijk glimlachte en piano als instrument koos.	Ik raadde hem een muziekinstrument te spelen aan en hij onmiddellijk glimlachte en een piano als instrument koos.	Ik raadde hem aan een muziekinstrument te spelen en hij glimlachte onmiddellijk en koos als instrument een piano.	m	f	verb-second	s a fv	human		Ik raadde hem aan een muziekinstrument te bespelen en hij glimlachte onmiddellijk en koos als instrument een piano.	Ik raadde hem aan een muziekinstrument te spelen en hij glimlachte onmiddellijk en koos als instrument een piano.
108	B1	Italiaans	Ik raadde hem een muziekinstrument spelen aan, en hij onmiddellijk glimlachte en piano als instrument koos.	Ik raadde hem een muziekinstrument te spelen aan en hij onmiddellijk glimlachte en een piano als instrument koos.	Ik raadde hem aan een muziekinstrument te spelen en hij glimlachte onmiddellijk en koos als instrument een piano.	m	f	verb-second	ce o m fv	human		Ik raadde hem aan een muziekinstrument te bespelen en hij glimlachte onmiddellijk en koos als instrument een piano.	Ik raadde hem aan een muziekinstrument te spelen en hij glimlachte onmiddellijk en koos als instrument een piano.
109	A2+	Turks	We zullen samen gaan naar Dinant, daarna zullen we naar de aventure park in Dianant gaan die is het beste park voor kinderen.	We zullen samen gaan naar Dinant.	We zullen samen naar Dinant gaan.	m	nf	verb-final	s fv a nfv a	human			We zullen samen naar Dinant gaan.
110	A2+	Turks	Ik hoop dat zal je me komen bezoeken!	Ik hoop dat zal je me komen bezoeken!	Ik hoop dat je me zal komen bezoeken!	s	f	verb-final	se fv s o nfv nfv	human			Ik hoop dat je me zal komen bezoeken!
111	B1+	�w�	Ik vond het heel interessant maar voortdurende mijn universitair cursus heb ik gevoelde een andere roeping dat ik spannender heb gevonden.	Ik vond het heel interessant maar tijdens mijn universitaire cursus heb ik gevoeld een andere roeping die ik spannender heb gevonden.	Ik vond het heel interessant maar tijdens mijn universitaire cursus heb ik een andere roeping gevoeld die ik spannender heb gevonden.	m	nf	verb-final	se fv s nfv o	human		Ik vond het heel interessant maar tijdens mijn universitaire cursus voelde ik een andere roeping die ik spannender vond.	Ik vond het heel interessant maar tijdens mijn universitaire cursus heb ik een andere roeping gevoeld die ik spannender heb gevonden.
112	B1+	�w�	Volgens me, de zorg en de attentie we geven aan de zwaksten van onze maatschappij tonen onze mensheid aan.	Volgens mij de zorg en de attentie die we geven aan de zwaksten van onze maatschappij tonen onze mensheid aan.	Volgens mij tonen de zorg en de attentie die we aan de zwaksten van onze maatschappij geven onze mensheid aan.	m	f	verb-second	a s m fv o p	human		Volgens mij tonen de zorg en de attentie die we aan de zwaksten van onze maatschappij geven onze menselijkheid aan.	Volgens mij tonen de zorg en de attentie die we aan de zwaksten van onze maatschappij geven onze mensheid aan.
112	B1+	�w�	Volgens me, de zorg en de attentie we geven aan de zwaksten van onze maatschappij tonen onze mensheid aan.	Volgens mij de zorg en de attentie die we geven aan de zwaksten van onze maatschappij tonen onze mensheid aan.	Volgens mij tonen de zorg en de attentie die we aan de zwaksten van onze maatschappij geven onze mensheid aan.	s	f	verb-final	se s fv po	human		Volgens mij tonen de zorg en de attentie die we aan de zwaksten van onze maatschappij geven onze menselijkheid aan.	Volgens mij tonen de zorg en de attentie die we aan de zwaksten van onze maatschappij geven onze mensheid aan.
113	B1+	�w�	In mijn ideaal land, zou niemand eenzaam voelen; en solidariteit moet de basisregel zijn.	In mijn ideale land zou niemand zich eenzam voelen en zou solidariteit moeten de basisregel zijn.	In mijn ideale land zou niemand zich eenzaam voelen en zou solidariteit de basisregel moeten zijn.	m	nf	verb-final	ce fv s nfv o nfv	human			In mijn ideale land zou niemand zich eenzaam voelen en zou solidariteit de basisregel moeten zijn.
114	B1+	�w�	Dus, vind ik dat ik heb genoeg tijd en ben aan het doen wat ik denk nuttig voor mijn leven dat is mensen helpen.	Dus vind ik dat ik heb genoeg tijd en ben aan het doen wat nuttig is voor mijn leven.	Dus vind ik dat ik genoeg tijd heb en aan het doen ben wat nuttig is voor mijn leven.	s	f	verb-final	se s fv o	human			Dus vind ik dat ik genoeg tijd heb en aan het doen ben wat nuttig is voor mijn leven.
114	B1+	�w�	Dus, vind ik dat ik heb genoeg tijd en ben aan het doen wat ik denk nuttig voor mijn leven dat is mensen helpen.	Dus vind ik dat ik heb genoeg tijd en ben aan het doen wat nuttig is voor mijn leven.	Dus vind ik dat ik genoeg tijd heb en aan het doen ben wat nuttig is voor mijn leven.	s	f	verb-final	se fv m o	human			Dus vind ik dat ik genoeg tijd heb en aan het doen ben wat nuttig is voor mijn leven.
116	A2+	Arabisch	Nu zal ik Paolo een e-mail sturen om hem uit te nodigen,  en dan zal ik naar de link gaan en lees de alle info, daarna zal ik een abonnement nemen.	Nu zal ik Paolo een e-mail sturen om hem uit te nodigen, en dan zal ik naar de link gaan en lezen alle info.	Nu zal ik Paolo een e-mail sturen om hem uit te nodigen, en dan zal ik naar de link gaan en alle info lezen.	m	nf	verb-final	a fv s a nfv m nfv o	human			Nu zal ik Paolo een e-mail sturen om hem uit te nodigen, en dan zal ik naar de link gaan en alle info lezen.
118	B1+	Perzisch	Als je spoor de mensen op, dan waarschuw je met een seintje en daarom zal je niet gaan naar de buurt waar er iemand is geweest die corona heeft.	Als je spoort de mensen op, dan waarschuw je ze met een seintje.	Als je de mensen opspoort, dan waarschuw je ze met een seintje.	s	f	verb-final	se s fv o p	human			Als je de mensen opspoort, dan waarschuw je ze met een seintje.
119	B1+	Russisch	Interview is niet alleen een interessante ervaring, maar ook een moment wanneer kan er iemand het vorige en toekomstige jaren nadenken.	Een interview is niet alleen een interessante ervaring, maar ook een moment waarop kan iemand over de afgelopen en toekomstige jaren nadenken.	Een interview is niet alleen een interessante ervaring, maar ook een moment waarop iemand kan nadenken over de afgelopen en toekomstige jaren.	m	pc	post-verbal	fv s pc nfv	human			Een interview is niet alleen een interessante ervaring, maar ook een moment waarop iemand kan nadenken over de afgelopen en toekomstige jaren.
121	B1+	Russisch	Ook deze ontwikkeling zal nieuwe mogelijkheden voor de burgers brengen: vacatures, een verbetering van de infrastructuur, de verhoging van de effectiviteit van het werk en zo voort.	Ook deze ontwikkeling zal nieuwe mogelijkheden voor de burgers brengen.	Deze ontwikkeling zal ook nieuwe mogelijkheden voor de burgers brengen.	m	f	verb-second	a s fv o m nfv	human			Deze ontwikkeling zal ook nieuwe mogelijkheden voor de burgers brengen.
122	B1	Roemeens	Ik heb flauw idee over wat gat he gebeuren vandaag in de les.	Ik heb geen flauw idee wat gaat er gebeuren vandaag in de les.	Ik heb geen flauw idee wat er vandaag in de les gaat gebeuren.	s	f	verb-final	se fv m nfv a a	human			Ik heb geen flauw idee wat er vandaag in de les gaat gebeuren.
122	B1	Roemeens	Ik heb flauw idee over wat gat he gebeuren vandaag in de les.	Ik heb geen flauw idee wat gaat er gebeuren vandaag in de les.	Ik heb geen flauw idee wat er vandaag in de les gaat gebeuren.	s	nf	verb-final	se fv m nfv a a	human			Ik heb geen flauw idee wat er vandaag in de les gaat gebeuren.
124	B1+	Arabisch	Twee jaar geleden begon ik mijn Nederlands leren reis en tot op dit moment het interessant is, ik ben trots dat ik nu kan spreken en dat ik tot niveau 4 heeft bereikt.	Twee jaar geleden begon ik met Nederlands leren en tot nu toe het nog steeds interessant is.	Twee jaar geleden begon ik met Nederlands leren en tot nu toe is het nog steeds interessant.	m	f	verb-second	a s a a fv	human			Twee jaar geleden begon ik met Nederlands leren en tot nu toe is het nog steeds interessant.
127	B1+	Arabisch	In het begin ik wou niet starten want ik twijfelde of ik hier ga blijven wonen na mijn studies.	In het begin ik wou niet starten want ik twijfelde of ik hier ga blijven wonen na mijn studies.	In het begin wou ik niet starten want ik twijfelde of ik hier ga blijven wonen na mijn studies.	m	f	verb-second	a s fv a nfv	human		In het begin wilde ik niet starten want ik twijfelde of ik hier zou blijven wonen na mijn studie.	In het begin wou ik niet starten want ik twijfelde of ik hier ga blijven wonen na mijn studies.
128	B1+	Arabisch	Ik vind woordenschat studeren essentieel is omdat met nieuwe woordenschat kan je meer beter zinnen formuleren in beide schrijven en spreken, bovendien kan je meer zinnen begrijpen.	Ik vind dat woordenschat studeren essentieel is omdat met een grotere woordenschat kan je betere zinnen formuleren.	Ik vind dat woordenschat studeren essentieel is omdat je met een grotere woordenschat betere zinnen kan formuleren.	s	f	verb-final	se a fv s o nfv	human			Ik vind dat woordenschat studeren essentieel is omdat je met een grotere woordenschat betere zinnen kan formuleren.
129	B1+	Arabisch	Bovendien af en toe, lees ik artikels in het Nederlands en ik kijk vaak naar vlaamse reeks.	Bovendien af en toe lees ik artikels in het Nederlands en ik kijk vaak naar Vlaamse reeksen.	Bovendien lees ik af en toe artikels in het Nederlands en kijk ik vaak naar Vlaamse reeksen.	m	f	verb-second	a a fv s o a	human		Bovendien lees ik af en toe artikelen in het Nederlands en kijk ik vaak naar Vlaamse reeksen. 	Bovendien lees ik af en toe artikels in het Nederlands en kijk ik vaak naar Vlaamse reeksen.
129	B1+	Arabisch	Bovendien af en toe, lees ik artikels in het Nederlands en ik kijk vaak naar vlaamse reeks.	Bovendien af en toe lees ik artikels in het Nederlands en ik kijk vaak naar Vlaamse reeksen.	Bovendien lees ik af en toe artikels in het Nederlands en kijk ik vaak naar Vlaamse reeksen.	m	f	verb-second	ce s fv a po	human		Bovendien lees ik af en toe artikelen in het Nederlands en kijk ik vaak naar Vlaamse reeksen.	Bovendien lees ik af en toe artikels in het Nederlands en kijk ik vaak naar Vlaamse reeksen.
130	B1	Frans	Als ik de leider van de group ben, heb ik aan een trip die we kunnen samen doen gedacht.	Omdat ik de leider van de groep ben, heb ik een trip bedacht die we kunnen samen doen.	Omdat ik de leider van de groep ben, heb ik een trip bedacht die we samen kunnen doen.	s	f	verb-final	se s fv a nfv	human			Omdat ik de leider van de groep ben, heb ik een trip bedacht die we samen kunnen doen.
131	B1	Frans	Ik ben heel blij omdat zullen we de club bezoeken en de spelers ontmoeten.	Ik ben heel blij omdat zullen we de club bezoeken en de spelers zullen ontmoeten.	Ik ben heel blij omdat we de club zullen bezoeken en de spelers zullen ontmoeten.	s	f	verb-final	se fv s o nfv	AI			Ik ben heel blij omdat we de club zullen bezoeken en de spelers zullen ontmoeten.
134	B1	Russisch	Ik begrijp heel goed dat u zich zorgen maken dat jou kind niet van houdt sporten.	Ik begrijp heel goed dat u zich zorgen maakt dat uw kind niet van houdt sporten.	Ik begrijp heel goed dat u zich zorgen maakt dat uw kind niet van sporten houdt.	s	f	verb-final	se s a p fv po	AI			Ik begrijp heel goed dat u zich zorgen maakt dat uw kind niet van sporten houdt.
135	A2	Frans	Ik weet dat de weer is koud.	Ik weet dat het weer is koud.	Ik weet dat het weer koud is.	s	f	verb-final	se s fv a	human			Ik weet dat het weer koud is.
139	A2	Hindi	Ik zie dat Bert uitgenodigd Anna, Paolo en Sam heeft voor eten.	Ik zie dat Bert uitgenodigd Anna, Paolo en Sam heeft voor het eten.	Ik zie dat Bert Anna, Paolo en Sam heeft uitgenodigd voor het eten.	s	nf	verb-final	se s nfv o fv pc	AI			Ik zie dat Bert Anna, Paolo en Sam heeft uitgenodigd voor het eten.
140	A2+	Spaans	Ze liever in de winkel werken omdat ze met mensen kun praten.	Ze liever in de winkel werkt omdat ze met mensen kan praten.	Ze werkt liever in de winkel omdat ze met mensen kan praten.	m	f	verb-second	s a a fv 	AI			Ze werkt liever in de winkel omdat ze met mensen kan praten.
142	A2+	Spaans	Sam heeft de mandarijntjes niet gezien omdat hij heeft vorige week te laat gewerkt en Anna is kwalijk met Sam.	Sam heeft de mandarijntjes niet gezien omdat hij heeft vorige week te laat gewerkt.	Sam heeft de mandarijntjes niet gezien omdat hij vorige week te laat heeft gewerkt.	s	f	verb-final	se s fv a a nfv	AI		Sam heeft de mandarijntjes niet gezien omdat hij vorige week tot laat heeft gewerkt.	Sam heeft de mandarijntjes niet gezien omdat hij vorige week te laat heeft gewerkt.
144	A2	Turks	Soms als ik de betekenis van een woord niet weet dan probeer ik een verbond maken tussen Engels en Nederlands en deze methode soms helpt mij een beetje.	Deze methode soms helpt mij een beetje.	Deze methode helpt mij soms een beetje.	m	f	verb-second	s a fv o a	AI			Deze methode helpt mij soms een beetje.
146	A2	Turks	Die dingen die ik vind moeilijk zijn de artikelen en een paar grammatica regels.	De dingen die ik vind moeilijk zijn de lidwoorden en een paar grammaticaregels.	De dingen die ik moeilijk vind zijn de lidwoorden en een paar grammaticaregels.	s	f	verb-final	se s fv a	AI			De dingen die ik moeilijk vind zijn de lidwoorden en een paar grammaticaregels.
149	A2+	Grieks	Mijn studio is klein maar is er een grote teras.	Mijn studio is klein maar is er een groot terras.	Mijn studio is klein maar er is een groot terras.	m	f	verb-second	ce fv m o	AI			Mijn studio is klein maar er is een groot terras.
151	A2+	Grieks	Als heb ik tijd op weekend ga ik soms naar jogging.	Als heb ik tijd in het weekend, ga ik soms joggen.	Als ik tijd heb in het weekend, ga ik soms joggen.	s	f	verb-final	se fv s o a	AI			Als ik tijd heb in het weekend, ga ik soms joggen.
152	B2	Nepalees	Ik vond het heel interresant om coderen te leren.	Ik vond het heel interessant om coderen te leren.	Ik vond het heel interessant om te leren coderen.	m	ic	post-verbal	s fv o a a om nfv te nfv	AI			Ik vond het heel interessant om te leren coderen.
158	A2	Yoruba	"Tenslotte, mijn favoriete woord in Nederlands ""Uitnodiging"" is."	"Ten slotte ""uitnodiging"" mijn favoriete woord in het Nederlands is."	"Ten slotte is ""uitnodiging"" mijn favoriete woord in het Nederlands."	m	f	verb-second	a s o a fv	AI		"Tenslotte is ""uitnodiging"" mijn favoriete woord in het Nederlands."	"Ten slotte is ""uitnodiging"" mijn favoriete woord in het Nederlands."
159	A2	Spaans	Zullen we gaan donderdagavond naar een restaurant eten?	Zullen we gaan donderdagavond bij een restaurant eten?	Zullen we donderdagavond op restaurant gaan eten?	p	nf	verb-final	fv s nfv a a nfv	AI	Zullen we donderdagavond in een restaurant gaan eten?	Zullen we donderdagavond bij een restaurant gaan eten?	Zullen we donderdagavond bij een restaurant gaan eten?
160	A2	Hindi	Hij heeft dat ik griep heb gezegd.	Hij heeft dat ik griep heb gezegd.	Hij heeft gezegd dat ik griep heb.	m	nf	verb-final	s fv fc nfv	AI			Hij heeft gezegd dat ik griep heb.
163	A2	Turks	Voor mij, de combinatie van die twee vaken was het best.	Voor mij de combinatie van die twee vakken was het beste.	Voor mij was de combinatie van die twee vakken het beste.	m	f	verb-second	a s fv o	AI			Voor mij was de combinatie van die twee vakken het beste.
164	A2	Frans	Ongeveer overal vinden we speelplaatjes waar kinderen kunnen hun zich goed amuseren.	Bijna overal vinden we speelplaatsen waar kinderen kunnen zich goed amuseren.	Bijna overal vinden we speelplaatsen waar kinderen zich goed kunnen amuseren.	s	nf	verb-final	se s fv m a nfv	AI			Bijna overal vinden we speelplaatsen waar kinderen zich goed kunnen amuseren.
165	A2	Turks	Deze tekst gaat over het milieu, of meer precies, hoe kunnen wij het milieu verbeteren.	Deze tekst gaat over het milieu, of meer precies, hoe kunnen we het milieu verbeteren.	Deze tekst gaat over het milieu, of meer precies, hoe we het milieu kunnen verbeteren.	s	f	verb-final	se fv s o nfv	AI		Deze tekst gaat over het milieu, of preciezer, hoe we het milieu kunnen verbeteren. 	Deze tekst gaat over het milieu, of meer precies, hoe we het milieu kunnen verbeteren.
166	A2	Turks	Voor zover ik weet de landen doen nog niet genoeg om de milieuvervuiling te verminderen.	Voor zover ik weet de landen doen nog niet genoeg om milieuvervuiling te verminderen.	Voor zover ik weet doen de landen nog niet genoeg om milieuvervuiling te verminderen.	m	f	verb-second	fc s fv a a a om o te nfv	AI			Voor zover ik weet doen de landen nog niet genoeg om milieuvervuiling te verminderen.
167	A2	Portugees	Als je iets wil koppen, misschien zijn de winkelcentra de beste opties.	Als je iets wil kopen misschien zijn winkelcentra de beste optie.	Als je iets wil kopen zijn winkelcentra misschien de beste optie.	m	f	verb-second	fc a fv s o	human			Als je iets wil kopen zijn winkelcentra misschien de beste optie.
168	A2	Spaans	Bovendien het idee dat politieke partijen hun geld zelf verzamelen is slim.	Bovendien het idee dat politieke partijen hun geld zelf verzamelen is slim.	Bovendien is het idee dat politieke partijen hun geld zelf verzamelen slim.	m	f	verb-second	a s fc fv a	AI			Bovendien is het idee dat politieke partijen hun geld zelf verzamelen slim.
171	A2	Engels	Ik was om 7 uur wakker, stond ik op en nam ik een douche.	Stond ik op en nam een douche.	Ik stond op en nam een douche.	m	f	verb-second	fv s m	AI			Ik stond op en nam een douche.
172	B1	Frans	Verder een professionele kok zijn betekent snel en onder druk werken om de klanten goed te serveren.	Verder een professionele kok zijn betekent snel en onder druk werken om de klanten goed te bedienen.	Verder betekent een professionele kok zijn snel en onder druk werken om de klanten goed te bedienen.	m	f	verb-second	a s fv a m a nfv om o a te nfv	AI			Verder betekent een professionele kok zijn snel en onder druk werken om de klanten goed te bedienen.
174	A2	Turks	Later leerden wij dat een vrouw hartpijn had en viel middel op de weg.	Later leerden we dat een vrouw hartpijn had en viel midden op de weg.	Later leerden we dat een vrouw hartpijn had en midden op de weg viel.	s	f	verb-final	se s o fv ce fv a a	AI		Later leerden we dat een vrouw hartklachten had en midden op de weg viel.	Later leerden we dat een vrouw hartpijn had en midden op de weg viel.
175	A2	Turks	De eerste dagen zwemmen we veel,de volgende dagen mischien kunnen we balontuur maken.	De volgende dagen misschien kunnen we een ballonvaart maken.	Misschien kunnen we de volgende dagen een ballonvaart maken.	m	f	verb-second	a a fv s o nfv	AI			Misschien kunnen we de volgende dagen een ballonvaart maken.
176	B2	Duits	Maar om iets goed inschatten of beoordelen te kunnen, hebben mensen zowel relevante informatie als de tools om hun eigen gedrag en hun eigen meningen te reflecteren nodig.	Maar om iets goed inschatten of beoordelen te kunnen, hebben mensen zowel relevante informatie als de tools nodig om op hun eigen gedrag en meningen te reflecteren.	Maar om iets goed te kunnen inschatten of beoordelen, hebben mensen zowel relevante informatie als de tools nodig om hun eigen gedrag en meningen te reflecteren.	s	ic	post-verbal	a om o a nfv m nfv te nfv	AI	Maar om iets goed te kunnen inschatten of beoordelen, hebben mensen zowel relevante informatie nodig als de tools om hun eigen gedrag en meningen te reflecteren.	Maar om iets goed te kunnen inschatten of beoordelen, hebben mensen zowel relevante informatie als de tools nodig om op hun eigen gedrag en meningen te reflecteren.	Maar om iets goed te kunnen inschatten of beoordelen, hebben mensen zowel relevante informatie als de tools nodig om op hun eigen gedrag en meningen te reflecteren.
176	B2	Duits	Maar om iets goed inschatten of beoordelen te kunnen, hebben mensen zowel relevante informatie als de tools om hun eigen gedrag en hun eigen meningen te reflecteren nodig.	Maar om iets goed te kunnen inschatten of beoordelen, hebben mensen zowel relevante informatie als de tools om op hun eigen gedrag en meningen te reflecteren nodig.	Maar om iets goed te kunnen inschatten of beoordelen, hebben mensen zowel relevante informatie als de tools nodig om hun eigen gedrag en meningen te reflecteren.	m	ic	post-verbal	m fv s o om o te nfv a	AI	Maar om iets goed te kunnen inschatten of beoordelen, hebben mensen zowel relevante informatie nodig als de tools om hun eigen gedrag en meningen te reflect	Maar om iets goed te kunnen inschatten of beoordelen, hebben mensen zowel relevante informatie als de tools nodig om op hun eigen gedrag en meningen te reflecteren.	Maar om iets goed te kunnen inschatten of beoordelen, hebben mensen zowel relevante informatie als de tools nodig om op hun eigen gedrag en meningen te reflecteren.
177	B1	Deens	Ik hou van wiskunde want het heel logisch is, maar ook want ik goed aan het ben.	Ik hou van wiskunde want het heel logisch is.	Ik hou van wiskunde want het is heel logisch.	m	f	verb-second	s a a fv	human			Ik hou van wiskunde want het is heel logisch.
180	A2	Russisch	Naturlijk, wij zullen naar de nieuw restaurant gaan.	Natuurlijk we zullen naar het nieuwe restuarant gaan.	Natuurlijk zullen we naar het nieuwe restaurant gaan.	m	f	verb-second	a s fv po nfv	AI			Natuurlijk zullen we naar het nieuwe restaurant gaan.
183	B2	Portugees	Toen ik opnieuw begon, binnenkort konden we niet langer naar lees gaan door Covid-19.	Toen ik opnieuw begon, binnenkort konden we niet langer naar de les gaan vanwege Covid-19.	Toen ik opnieuw begon, konden we binnenkort niet langer naar de les gaan vanwege Covid-19.	m	f	verb-second	fc a fv s a a po nfv pc	AI		Toen ik opnieuw was begonnen, konden we vlak daarna niet langer naar de les gaan vanwege Covid-19.	Toen ik opnieuw begon, konden we binnenkort niet langer naar de les gaan vanwege Covid-19.
184	B2	Portugees	Nu dat ik terug ben in Blended Learning, was het gemakkelijker en ook effectief om naar les te gaan 1 keer per week en daarna thuis studeren.	Nu ik terug ben in Blended Learning, was het gemakkelijker en ook effectiever om naar de les te gaan ��n keer per week en daarna thuis te studeren.	Nu ik terug ben in Blended Learning, was het gemakkelijker en ook effectiever om ��n keer per week naar de les te gaan en daarna thuis te studeren.	m	ic	post-verbal	fc fv s a om po te nfv a	AI		Nu ik terug ben in Blended Learning, is het gemakkelijker en ook effectiever om ��n keer per week naar de les te gaan en daarna thuis te studeren.	Nu ik terug ben in Blended Learning, was het gemakkelijker en ook effectiever om ��n keer per week naar de les te gaan en daarna thuis te studeren.
186	B2	Portugees	Door te worden blootgesteld aan de taal en proberen het te begrijpen, werd ik beter.	Door te worden blootgesteld aan de taal en te proberen het te begrijpen, word ik beter.	Door blootgesteld te worden aan de taal en te proberen het te begrijpen, word ik beter.	m	ic	post-verbal	p te nfv nfv po m fv s a	AI			Door blootgesteld te worden aan de taal en te proberen het te begrijpen, word ik beter.
188	B2	Portugees	Wel probeer ik podcasts in het Nederlands te luisteren, zoals Universiteit van Vlaanderen, en ik denk dat het helpt mij om meer gesproken Nederlands te begrijpen.	Ik denk dat het helpt mij om gesproken Nederlands beter te begrijpen.	Ik denk dat het mij helpt om gesproken Nederlands beter te begrijpen.	s	f	verb-final	se s fv o om a o a te nfv	AI			Ik denk dat het mij helpt om gesproken Nederlands beter te begrijpen.
192	A2+	Spaans	Anderzijds, journalistiek veel onderzoek vergt, wat ik spannend en leuk vind.	Anderzijds journalistiek veel onderzoek vergt, wat ik spannend en leuk vind.	Anderzijds vergt journalistiek veel onderzoek, wat ik spannend en leuk vind.	m	f	verb-second	a s a o fv	AI			Anderzijds vergt journalistiek veel onderzoek, wat ik spannend en leuk vind.
193	A2+	Spaans	Ook, journalisten met roeping en bereid om de wereld te reizen op naar niews te zoeken nodig zijn.	Ook journalisten met roeping en de bereidheid om de wereld rond te reizen om naar nieuws te zoeken nodig zijn.	Ook zijn journalisten met roeping en de bereidheid om de wereld rond te reizen om naar nieuws te zoeken nodig.	m	f	verb-second	a s m a fv	AI			Ook zijn journalisten met roeping en de bereidheid om de wereld rond te reizen om naar nieuws te zoeken nodig.
194	A2	Arabisch	3 weken geleden heeft hij een probleem met zijn auto, dan hij heeft 2 uur te laat gekomen, en de vorige week, heeft hij 3 dagen ziek geweest.	Toen hij is 2 uur te laat gekomen.	Toen is hij 2 uur te laat gekomen.	m	f	verb-second	a s fv a a nfv	human			Toen is hij 2 uur te laat gekomen.
195	A2	Arabisch	Elly is een ex-stewardess, ze heeft vertrokken haar werk omdat ze heeft nooit stewardess willen zijn, ze heeft altjid een winkel willen hebben.	Ze is gestopt met haar werk omdat ze had nooit stewardess willen zijn.	Ze is gestopt met haar werk omdat ze nooit stewardess had willen zijn.	s	f	verb-final	se s fv a o nfv nfv	human			Ze is gestopt met haar werk omdat ze nooit stewardess had willen zijn.
198	A2	Turks	Ik vind leuk over Belgie is dat zijn er heel veel parks.	Wat ik leuk vind aan Belgi� is dat zijn er heel veel parken.	Wat ik leuk vind aan Belgi� is dat er heel veel parken zijn.	s	f	verb-final	se fv m a a s	AI			Wat ik leuk vind aan Belgi� is dat er heel veel parken zijn.
201	A2	Russisch	Ik begrijp echter dat elk land wil zijn identiteit houden en dat vind ik logisch.	Ik begrijp echter dat elk land wil zijn identiteit behouden en dat vind ik logisch.	Ik begrijp echter dat elk land zijn identiteit wil behouden en dat vind ik logisch.	s	f	verb-final	se s fv o nfv	AI			Ik begrijp echter dat elk land zijn identiteit wil behouden en dat vind ik logisch.
202	A2	Russisch	Hoewel ik toen al drie jaar in Belgi� woonde, toch vond ik de cursus heel nuttig.	Hoewel ik toen al drie jaar in Belgi� woonde, toch vond ik de cursus heel nuttig.	Hoewel ik toen al drie jaar in Belgi� woonde, vond ik de cursus toch heel nuttig.	m	f	verb-second	m a fv s o a a	AI			Hoewel ik toen al drie jaar in Belgi� woonde, vond ik de cursus toch heel nuttig.
203	B1+	Frans	Persoonlijk heb ik dat nooit gebruikt want ik ben al getrouwd, een ideale partner volgens mij is de persoon die altijd klaar staat voor jouw zowel op goede als slechte momenten en die voor je zorgt wanneer het slecht gaat!	Een ideale partner volgens mij is degene die altijd voor je klaarstaat, zowel in goede als slechte momenten, en die voor je zorgt wanneer het slecht gaat!	Volgens mij is een ideale partner degene die altijd voor je klaarstaat, zowel in goede als slechte momenten, en die voor je zorgt wanneer het slecht gaat!	m	f	verb-second	o a fv s m	AI		Volgens mij is een ideale partner degene die altijd voor je klaarstaat, zowel op goede als slechte momenten, en die voor je zorgt wanneer het slecht gaat!	Volgens mij is een ideale partner degene die altijd voor je klaarstaat, zowel in goede als slechte momenten, en die voor je zorgt wanneer het slecht gaat!
204	B1+	Catalaans	Hoewel Didier al jaren deel uit van het team maakt, voelde hij nooit verantwoordelijk voor zijn werk.	Hoewel Didier al jaren deel van het team uitmaakt, voelde hij nooit verantwoordelijkheid voor zijn werk.	Hoewel Didier al jaren deel uitmaakt van het team, voelde hij nooit verantwoordelijkheid voor zijn werk.	s	f	verb-final	se s a m pc fv	AI			Hoewel Didier al jaren deel uitmaakt van het team, voelde hij nooit verantwoordelijkheid voor zijn werk.
205	A2	Arabisch	Ik weet niet of ik naar het feest moet gaan vanavond.	Ik weet niet of ik naar het feest moet gaan vanavond.	Ik weet niet of ik vanavond naar het feest moet gaan.	s	nf	verb-final	se s po fv nfv a	AI	0		Ik weet niet of ik vanavond naar het feest moet gaan.
206	A2	Arabisch	Als ik een vrije dag heb, ik naar Brussel zal gaan.	Als ik een vrije dag heb, ik naar Brussel zal gaan.	Als ik een vrije dag heb, zal ik naar Brussel gaan.	m	f	verb-second	m s po fv nfv	AI			Als ik een vrije dag heb, zal ik naar Brussel gaan.
207	A2	Arabisch	Ik weet dat je van winkelen houdt, hier kan je vind veel mooie winkels bijvoorbeld Giraffe, Giraffe verkoopt kledij, accessoires en ook schonen.	Hier kun je vinden veel mooie winkels.	Hier kun je veel mooie winkels vinden.	m	nf	verb-final	a fv s nfv a a o	AI			Hier kun je veel mooie winkels vinden.
208	A2	Arabisch	Ik hope dat je vrijdag langskomt, omdat ik bezig de hele week met N�derlands cursus ben.	Ik hoop dat je vrijdag langskomt, omdat ik bezig de hele week met de Nederlandse cursus ben geweest.	Ik hoop dat je vrijdag langskomt, omdat ik de hele week bezig ben geweest met de Nederlandse cursus.	s	pc	post-verbal	se s a a pc fv nfv	AI			Ik hoop dat je vrijdag langskomt, omdat ik de hele week bezig ben geweest met de Nederlandse cursus.
210	B2	Spaans	Vooral als je niet zo lang bent in het land en geen netwerk hebt.	Vooral als je nog niet zo lang bent in het land en geen netwerk hebt.	Vooral als je nog niet zo lang in het land bent en geen netwerk hebt.	s	f	verb-final	se s a a a a fv po	AI			Vooral als je nog niet zo lang in het land bent en geen netwerk hebt.
211	B2	Spaans	Natuurijk elke persoon is uniek en sommigen leren talen sneller dan anderen.	Natuurlijk elke persoon is uniek en leren sommigen talen sneller dan anderen.	Natuurlijk is elke persoon uniek en leren sommigen talen sneller dan anderen.	m	f	verb-second	a s fv a	AI			Natuurlijk is elke persoon uniek en leren sommigen talen sneller dan anderen.
213	B1+	Spaans	Het is altijd beschikbaar als je verlegen of niet zo sociaal ben, of als je van ontmoeten nieuwe personen genieten.	Het is altijd beschikbaar, of je nu verlegen of niet zo sociaal bent, of als je van het ontmoeten van nieuwe personen geniet.	Het is altijd beschikbaar, of je nu verlegen of niet zo sociaal bent, of als je geniet van het ontmoeten van nieuwe personen.	s	pc	post-verbal	se s pc fv	AI			Het is altijd beschikbaar, of je nu verlegen of niet zo sociaal bent, of als je geniet van het ontmoeten van nieuwe personen.
214	B1+	Spaans	Als ik alleenstaand was, misschien zou ik online daten.	Als ik alleenstaand was, misschien zou ik online gaan daten.	Als ik alleenstaand was, zou ik misschien online gaan daten.	m	f	verb-second	m a fv s a nfv nfv	AI			Als ik alleenstaand was, zou ik misschien online gaan daten.
215	B1+	Spaans	Ik denk dat er zal vertellen of een relatie kan lang tijd werken of niet.	Ik denk dat de tijd zal uitwijzen of een relatie kan langdurig werken of niet.	Ik denk dat de tijd zal uitwijzen of een relatie langdurig kan werken of niet.	s	f	verb-final	se s fv a nfv	AI			Ik denk dat de tijd zal uitwijzen of een relatie langdurig kan werken of niet.
217	A2	Turks	Ten slotte, de aarde is de enige planeet die we nu hebben.	Ten slotte de aarde is de enige planeet die we op dit moment hebben.	Ten slotte is de aarde de enige planeet die we op dit moment hebben.	m	f	verb-second	a s fv o	AI		Tenslotte is de aarde de enige planeet die we op dit moment hebben.	Ten slotte is de aarde de enige planeet die we op dit moment hebben.
218	A2+	Spaans	Ik denk dat Anna en Sam zullen Italiaans leren en Paolo kan nu heel goed Nederlands spreken.	Ik denk dat Anna en Sam zullen Italiaans leren en Paolo kan nu al heel goed Nederlands spreken.	Ik denk dat Anna en Sam Italiaans zullen leren en Paolo nu al heel goed Nederlands kan spreken.	s	f	verb-final	se s fv o nfv	AI	Ik denk dat Anna en Sam Italiaans zullen leren, en Paolo kan nu heel goed Nederlands spreken.		Ik denk dat Anna en Sam Italiaans zullen leren en Paolo nu al heel goed Nederlands kan spreken.
219	A2	Dari	Toen een andere fiets heel snel kwam en die fiets raakte de fiets van mijn vreind hard.	Toen een andere fiets heel snel kwam, die fiets raakte de fiets van mijn vriend hard.	Toen een andere fiets heel snel kwam, raakte die fiets de fiets van mijn vriend hard.	m	f	verb-second	m s fv o a	AI			Toen een andere fiets heel snel kwam, raakte die fiets de fiets van mijn vriend hard.
220	A2	Dari	Alles goed gaat met mij.	Alles goed gaat met mij.	Alles gaat goed met mij.	m	f	verb-second	s a fv po	AI			Alles gaat goed met mij.
221	A2	Frans	Dat een drukke dag was.	Dat een drukke dag was.	Dat was een drukke dag.	m	f	verb-second	s o fv	AI			Dat was een drukke dag.
223	A2	Russisch	Als in de voormiddag zal het zonnig zijn, zullen wij buiten blieven.	Als in de voormiddag is het zonnig, zullen wij buiten blijven.	Als het in de voormiddag zonnig is, zullen wij buiten blijven.	s	f	verb-final	se a fv s a	AI			Als het in de voormiddag zonnig is, zullen wij buiten blijven.
225	A2	Russisch	Als  in de namiddag kan het regenen, zullen wij binnen blieven.	Als in de namiddag kan het gaan regenen, zullen wij binnen blijven.	Als het in de namiddag kan gaan regenen, zullen wij binnen blijven.	s	f	verb-final	se a fv s nfv nfv	AI		Als het in de namiddag regent, zullen wij binnen blijven.	Als het in de namiddag kan gaan regenen, zullen wij binnen blijven.
226	A2	Pools	Als het weer goed is, ik zou graag iets in de openlucht doen.	Als het weer goed is, ik zou graag iets in de openlucht willen doen.	Als het weer goed is, zou ik graag iets in de openlucht willen doen.	m	f	verb-second	m s fv a o a nfv nfv	AI			Als het weer goed is, zou ik graag iets in de openlucht willen doen.
227	A2	Turks	Omdat ik de taal hebt nodig voor mijn toekomstige plannen.	Omdat ik de taal heb nodig voor mijn toekomstige plannen.	Omdat ik de taal nodig heb voor mijn toekomstige plannen.	s	f	verb-final	se s o fv a pc	AI			Omdat ik de taal nodig heb voor mijn toekomstige plannen.
229	A2	Turks	Daarnaast, het woord gezellig is mijn favoriete woord in Nederlands door de betekenis.	"Daarnaast het woord ""gezellig"" is mijn favoriete woord in het Nederlands vanwege de betekenis."	"Daarnaast is het woord ""gezellig"" mijn favoriete woord in het Nederlands vanwege de betekenis."	m	f	verb-second	a s fv o a m	AI			"Daarnaast is het woord ""gezellig"" mijn favoriete woord in het Nederlands vanwege de betekenis."
231	B1+	Duits	Gelukkig is het voor mij tamelijk gemakkelijk om Nederlands te leren, ik denk dat is te wijten aan mijn herkomst.	Ik denk dat dit is te wijten aan mijn achtergrond.	Ik denk dat dit te wijten is aan mijn achtergrond.	s	f	verb-final	se s fv te nfv pc	AI		Ik denk dat dit te danken is aan mijn achtergrond.	Ik denk dat dit te wijten is aan mijn achtergrond.
232	B1+	Duits	Nu, in niveau 4, zijn er meer woorden die heel anders zijn dan in het Duits zodat ik ze moet vanbuiten leren om ze te onthouden.	Nu, op niveau 4, zijn er meer woorden die heel anders zijn dan in het Duits, dus ik ze moet uit mijn hoofd leren om ze te onthouden.	Nu, op niveau 4, zijn er meer woorden die heel anders zijn dan in het Duits, dus ik moet ze uit mijn hoofd leren om ze te onthouden.	m	f	verb-second	s o fv a nfv om o te nfv	AI			Nu, op niveau 4, zijn er meer woorden die heel anders zijn dan in het Duits, dus ik moet ze uit mijn hoofd leren om ze te onthouden.
233	A2+	Italiaans	Vorig weekend heb ik in Brussel geweest om musea en restauranten te bezoeken: dus ik heb deze schrijfoefening op tijd te maken vergeten.	Dus ik ben deze schrijfoefening op tijd te maken vergeten.	Dus ik ben vergeten deze schrijfoefening op tijd te maken.	m	ic	post-verbal	ce s fv o a te nfv nfv	AI			Dus ik ben vergeten deze schrijfoefening op tijd te maken.
236	A2	Bulgaars	Maar dan vraag ik mij af Wat was het nut van al deze maatregelen tot nu toe?	Maar dan vraag ik mij af wat was het nut van al deze maatregelen tot nu toe?	Maar dan vraag ik mij af wat het nut was van al deze maatregelen tot nu toe?	s	f	verb-final	se fv s pc	AI			Maar dan vraag ik mij af wat het nut was van al deze maatregelen tot nu toe?
239	B1+	Russisch	Ik vind Nederlands is een beetje gemakkelijker met grammatika dan Duits.	Ik vind dat Nederlands is een beetje gemakkelijker qua grammatica dan Duits.	Ik vind dat Nederlands qua grammatica een beetje gemakkelijker is dan Duits.	s	f	verb-final	se s fv a a a a o	AI			Ik vind dat Nederlands qua grammatica een beetje gemakkelijker is dan Duits.
243	B1	Tsjechisch	De tweede reed is dat ik heel sterk met nummers ben en ik ben goed met Excel en Power BI.	Het tweede punt is dat ik heel sterk met nummers ben, en ik ben goed met Excel en Power BI.	Het tweede punt is dat ik heel sterk ben met nummers, en ik ben goed met Excel en Power BI.	s	pc	post-verbal	se s a a pc fv	AI		Het tweede punt is dat ik heel sterk ben in nummers, en ik ben goed met Excel en Power BI.	Het tweede punt is dat ik heel sterk ben met nummers, en ik ben goed met Excel en Power BI.
245	B1	Frans	en na de film, we kunnen naar een italianse restaurant gaan.	En na de film we kunnen naar een Italiaans restaurant gaan.	En na de film kunnen we naar een Italiaans restaurant gaan.	m	f	verb-second	ce a s fv po nfv	AI			En na de film kunnen we naar een Italiaans restaurant gaan.
246	A2	Russisch	Mijn ouders getrouwd zijn al lang maar ik ben niet getrouwd.	Mijn ouders getrouwd zijn al lang, maar ik ben zelf niet getrouwd.	Mijn ouders zijn al lang getrouwd, maar ik ben zelf niet getrouwd.	m	nf	verb-final	s nfv fv a a	AI			Mijn ouders zijn al lang getrouwd, maar ik ben zelf niet getrouwd.
247	A2	Kantonees	Ik geloof dat dat geld zal beter worden gebruikt om in kinderen of studenten te investeren in plaats van hen.	Ik geloof dat dat geld kan beter worden besteed aan investeringen in kinderen of studenten in plaats van aan hen.	Ik geloof dat dat geld beter besteed kan worden aan investeringen in kinderen of studenten in plaats van aan hen.	s	f	verb-final	se s fv a nfv nfv po m	AI			Ik geloof dat dat geld beter besteed kan worden aan investeringen in kinderen of studenten in plaats van aan hen.
249	A2	Koerdisch	Ik mag niet alcoholische drank drinken en mag ik niet roken.	Ik mag geen alcoholische dranken drinken en mag ik niet roken.	Ik mag geen alcoholische dranken drinken en ik mag niet roken.	m	f	verb-second	fv s a nfv	AI			Ik mag geen alcoholische dranken drinken en ik mag niet roken.
250	A2	Frans	De zogenaamde twee vormen van inburgering zijn als volg; inburgering 1 gaat over de autochtonen van Europese landen die, volgens de schrijver en hoogleraar aan de Letterenfaculteit van de Katholieke Universiteit Leuven; Joop van der Horst, zetten hun hakken in het zand met betrekking tot hun integratie met de rest van de Europese Unie.	Inburgering 1 gaat over de autochtonen van Europese landen die, volgens de schrijver en hoogleraar aan de Letterenfaculteit van de Katholieke Universiteit Leuven, Joop van der Horst, zetten hun hakken in het zand met betrekking tot hun integratie met de rest van de Europese Unie.	Inburgering 1 gaat over de autochtonen van Europese landen die, volgens de schrijver en hoogleraar aan de Letterenfaculteit van de Katholieke Universiteit Leuven, Joop van der Horst, hun hakken in het zand zetten met betrekking tot hun integratie met de rest van de Europese Unie.	s	f	verb-final	se m fv o po pc	AI			Inburgering 1 gaat over de autochtonen van Europese landen die, volgens de schrijver en hoogleraar aan de Letterenfaculteit van de Katholieke Universiteit Leuven, Joop van der Horst, hun hakken in het zand zetten met betrekking tot hun integratie met de rest van de Europese Unie.
251	A2	Frans	Volgens mij inburgering 1 en 2 zijn zeer aparte processen die niet met elkaar kunnen worden vergeleken.	Volgens mij inburgering 1 en 2 zijn zeer aparte processen die niet met elkaar kunnen worden vergeleken.	Volgens mij zijn inburgering 1 en 2 zeer aparte processen die niet met elkaar kunnen worden vergeleken.	m	f	verb-second	a s fv a a o	AI			Volgens mij zijn inburgering 1 en 2 zeer aparte processen die niet met elkaar kunnen worden vergeleken.
253	A2	Frans	Het ook belangrijk om te herinneren dat de Europese project is vooral een vredes-en economisch project dat met de tijd verandert in iets meer.	Het is ook belangrijk om te onthouden dat het Europese project is vooral een vredes- en economisch project, dat in de loop der tijd is ge�volueerd naar iets meer.	Het is ook belangrijk om te onthouden dat het Europese project vooral een vredes- en economisch project is, dat in de loop der tijd is ge�volueerd naar iets meer.	s	f	verb-final	se s fv a o	AI			Het is ook belangrijk om te onthouden dat het Europese project vooral een vredes- en economisch project is, dat in de loop der tijd is ge�volueerd naar iets meer.
254	A2	Frans	Ik denk dat vandaag EU-burgers meestal hebben en positiever beeldt van de Europees Unie en de integratie die ermee gepaard gaat dan vroeger.	Ik denk dat vandaag de dag EU-burgers over het algemeen hebben een positiever beeld van de Europese Unie en de integratie die daarmee gepaard gaat, in vergelijking met vroeger.	Ik denk dat vandaag de dag EU-burgers over het algemeen een positiever beeld hebben van de Europese Unie en de integratie die daarmee gepaard gaat, in vergelijking met vroeger.	s	f	verb-final	se a s a fv o	AI			Ik denk dat vandaag de dag EU-burgers over het algemeen een positiever beeld hebben van de Europese Unie en de integratie die daarmee gepaard gaat, in vergelijking met vroeger.
255	A2	Frans	Ook al het artikel niet meer actueel is, de kwestie van de inburgering is op die moment een veelbesproken onderwerp.	Ook al het artikel niet meer actueel is, de kwestie van inburgering is op dit moment een veelbesproken onderwerp.	Ook al is het artikel niet meer actueel, is de kwestie van inburgering op dit moment een veelbesproken onderwerp.	m	f	verb-second	a s a a fv	human	Ook al is het artikel niet meer actueel, de kwestie van inburgering is op dit moment een veelbesproken onderwerp.	Ook al is het artikel niet meer actueel, de kwestie van inburgering is op dit moment een veelbesproken onderwerp.	Ook al is het artikel niet meer actueel, de kwestie van inburgering is op dit moment een veelbesproken onderwerp.
256	B1	Frans	Ik was je brief aan het lezen toen ik heb ��n idee gehad.	Ik was je brief aan het lezen toen ik had een idee.	Ik was je brief aan het lezen toen ik een idee heb gehad.	s	f	verb-final	se s fv o	human	Ik was je brief aan het lezen toen ik een idee had.	Ik was je brief aan het lezen toen ik een idee kreeg.	Ik was je brief aan het lezen toen ik een idee had.
259	A2	Frans	En vorige week, hij ben niet op werk geweest, omdat hij ziek is.	En vorige week hij is niet op werk geweest omdat hij ziek was.	En vorige week is hij niet op werk geweest omdat hij ziek was.	m	f	verb-second	a s fv a po nfv	human		En vorige week is hij niet op het werk geweest omdat hij ziek was.	En vorige week is hij niet op werk geweest omdat hij ziek was.
260	A2	Spaans	Ik moet toegeven dat Antwerpen is prachtig en dat een nieuwe stadswandeling met beschrijving van de standbeelden die ik weining ken kan heel leuk zijn.	Ik moet toevogen dat Antwerpen is prachtig en dat een nieuwe stadswandeling met beschrijvingen van de standbeelden die ik niet goed ken, kan heel leuk zijn.	Ik moet toegeven dat Antwerpen prachtig is en dat een nieuwe stadswandeling met beschrijvingen van de standbeelden die ik niet goed ken, heel leuk kan zijn.	s	f	verb-final	se s fv a	AI			Ik moet toegeven dat Antwerpen prachtig is en dat een nieuwe stadswandeling met beschrijvingen van de standbeelden die ik niet goed ken, heel leuk kan zijn.
260	A2	Spaans	Ik moet toegeven dat Antwerpen is prachtig en dat een nieuwe stadswandeling met beschrijving van de standbeelden die ik weining ken kan heel leuk zijn.	Ik moet toevogen dat Antwerpen is prachtig en dat een nieuwe stadswandeling met beschrijvingen van de standbeelden die ik niet goed ken, kan heel leuk zijn.	Ik moet toegeven dat Antwerpen prachtig is en dat een nieuwe stadswandeling met beschrijvingen van de standbeelden die ik niet goed ken, heel leuk kan zijn.	s	f	verb-final	se s fv a a nfv	AI			Ik moet toegeven dat Antwerpen prachtig is en dat een nieuwe stadswandeling met beschrijvingen van de standbeelden die ik niet goed ken, heel leuk kan zijn.
262	A2	Spaans	Voor iemand die houd zoals van oude kunst als hedendaagse kunst, dat is echt praktisch.	Voor iemand die houdt zowel van oude kunst als hedendaagse kunst, dat is echt praktisch.	Voor iemand die zowel van oude kunst als hedendaagse kunst houdt, is dat echt praktisch.	s	f	verb-final	se fv a po m	human		Voor iemand die zowel van oude als hedendaagse kunst houdt, is dat echt praktisch.	Voor iemand die zowel van oude kunst als hedendaagse kunst houdt, is dat echt praktisch.
262	A2	Spaans	Voor iemand die houd zoals van oude kunst als hedendaagse kunst, dat is echt praktisch.	Voor iemand die houdt zowel van oude kunst als hedendaagse kunst, dat is echt praktisch.	Voor iemand die zowel van oude kunst als hedendaagse kunst houdt, is dat echt praktisch.	m	f	verb-second	m s fv a a	human		Voor iemand die zowel van oude als hedendaagse kunst houdt, is dat echt praktisch.	Voor iemand die zowel van oude kunst als hedendaagse kunst houdt, is dat echt praktisch.
263	A2	Spaans	Brengen zoveel topkunstwerken samen in een museum is heel moeilijk en duur.	Brengen zoveel topkunstwerken samen in een museum is heel moeilijk en duur.	Zoveel topkunstwerken samen in een museum brengen is heel moeilijk en duur.	m	ic	post-verbal	nfv o a po fv a	human			Zoveel topkunstwerken samen in een museum brengen is heel moeilijk en duur.
265	A2	Albanees	Ik zal zend haar naar jij.	Ik zal zenden haar naar jou.	Ik zal haar naar jou zenden.	m	nf	verb-final	s fv nfv o po	human		Ik zal haar naar jou sturen.	Ik zal haar naar jou zenden.
266	B1+	Turks	Ik weet dat perkeren in een plaats voor de gehandikaapte is een overtreding maar ik heb geen bord gezien.	Ik weet dat parkeren in een plaats voor gehandicapten een overtreding is maar ik heb geen bord gezien.	Ik weet dat in een plaats voor gehandicapten parkeren een overtreding is maar ik heb geen bord gezien.	s	ic	post-verbal	se nfv a po o fv	human		Ik weet dat parkeren op een plaats voor gehandicapten een overtreding is maar ik heb geen bord gezien. 	Ik weet dat in een plaats voor gehandicapten parkeren een overtreding is maar ik heb geen bord gezien.
267	B1+	Turks	Michel Ross heeft de veroordeling geaccepteerd dus Harvey Specter niet meer onder verdenking staat.	Michel Ross heeft de veroordeling geaccepteerd dus Harvey Specter niet meer onder verdenking staat.	Michel Ross heeft de veroordeling geaccepteerd dus Harvey Specter staat niet meer onder verdenking.	m	f	verb-second	ce s a a po fv	human			Michel Ross heeft de veroordeling geaccepteerd dus Harvey Specter staat niet meer onder verdenking.
268	B1+	Engels	Meestal de mensen die naar de gevangenis gaan zijn arme, dus hun straf wordt door de gemeenschappen als een soort geschenk beschouwd.	Meestal de mensen die naar de gevangenis gaan zijn armen, dus hun straf wordt door sommige gemeenschappen als een soort bevrijding beschouwd.	Meestal zijn de mensen die naar de gevangenis gaan armen, dus hun straf wordt door sommige gemeenschappen beschouwd als een soort bevrijding.	m	f	verb-second	a s m fv o	AI		Meestal zijn mensen die naar de gevangenis gaan arm, dus hun straf wordt door de gemeenschappen als een soort geschenk beschouwd. 	Meestal zijn de mensen die naar de gevangenis gaan armen, dus hun straf wordt door sommige gemeenschappen beschouwd als een soort bevrijding.
268	B1+	Engels	Meestal de mensen die naar de gevangenis gaan zijn arme, dus hun straf wordt door de gemeenschappen als een soort geschenk beschouwd.	Meestal de mensen die naar de gevangenis gaan zijn armen, dus hun straf wordt door sommige gemeenschappen als een soort bevrijding beschouwd.	Meestal zijn de mensen die naar de gevangenis gaan armen, dus hun straf wordt door sommige gemeenschappen beschouwd als een soort bevrijding.	m	pc	post-verbal	s fv po pc nfv	AI		Meestal zijn mensen die naar de gevangenis gaan arm, dus hun straf wordt door de gemeenschappen als een soort geschenk beschouwd.	Meestal zijn de mensen die naar de gevangenis gaan armen, dus hun straf wordt door sommige gemeenschappen beschouwd als een soort bevrijding.
269	B1+	Engels	Uiteindelijk, alle gevangenen met waardigheid moeten worden behandeld, of ze nu rijk of arm zijn.	Uiteindelijk alle gevangenen met waardigheid moeten worden behandeld.	Uiteindelijk moeten alle gevangenen met waardigheid worden behandeld.	m	f	verb-second	a s po fv nfv nfv	human			Uiteindelijk moeten alle gevangenen met waardigheid worden behandeld.
273	B1+	Turks	Het feit dat alleen manier we Bluetooth gebruiken is naar de muziek luisteren betekent niet dat Bluetooth moet altijd naar uw luidspreker moet verbinden!	Het feit dat de enige manier waarop we Bluetooth gebruiken is om naar muziek te luisteren, betekent niet dat Bluetooth moet altijd met uw luidspreker verbonden worden.	Het feit dat de enige manier waarop we Bluetooth gebruiken is om naar muziek te luisteren, betekent niet dat Bluetooth altijd verbonden moet worden met uw luidspreker.	s	f	verb-final	se s fv a po nfv nfv	AI		De enige manier waarop we Bluetooth gebruiken is om naar muziek te luisteren, maar dat betekent niet dat Bluetooth altijd verbonden moet worden met uw luidspreker!	Het feit dat de enige manier waarop we Bluetooth gebruiken is om naar muziek te luisteren, betekent niet dat Bluetooth altijd verbonden moet worden met uw luidspreker.
277	B1+	Turks	Volgens me hebben een positieve invloed in de leven van mensen is het belangrijkste in het leven.	Volgens mij hebben een positieve invloed op het leven van mensen is het belangrijkste in het leven.	Volgens mij is een positieve invloed op het leven van mensen hebben het belangrijkste in het leven.	m	f	verb-second	a nfv o po fv o a	human			Volgens mij is een positieve invloed op het leven van mensen hebben het belangrijkste in het leven.
277	B1+	Turks	Volgens me hebben een positieve invloed in de leven van mensen is het belangrijkste in het leven.	Volgens mij hebben een positieve invloed op het leven van mensen is het belangrijkste in het leven.	Volgens mij is een positieve invloed op het leven van mensen hebben het belangrijkste in het leven.	m	ic	post-verbal	nfv o po	human			Volgens mij is een positieve invloed op het leven van mensen hebben het belangrijkste in het leven.
279	B1+	Grieks	Als mijn routine te vervelend wordt, sarcasme is een nuttige manier om te gaan.	Als mijn routine te vervelend wordt, sarcasme kan een nuttige manier zijn om ermee om te gaan.	Als mijn routine te vervelend wordt, kan sarcasme een nuttige manier zijn om ermee om te gaan.	m	f	verb-second	m s fv o nfv m	AI			Als mijn routine te vervelend wordt, kan sarcasme een nuttige manier zijn om ermee om te gaan.
280	A2+	Engels	Terwijl ik was in de keuken aan het kooken, hoorde ik een lawaai in mijn buurvrouws huis rond 8uur.	Terwijl ik was in de keuken aan het koken, hoorde ik rond 8 uur lawaai in het huis van mijn buurvrouw.	Terwijl ik in de keuken aan het koken was, hoorde ik rond 8 uur lawaai in het huis van mijn buurvrouw.	s	f	verb-final	se s fv a a	AI			Terwijl ik in de keuken aan het koken was, hoorde ik rond 8 uur lawaai in het huis van mijn buurvrouw.
283	A2+	Engels	Als hij zag me, liet hij snel de stijn vallen en liep hij weg.	Toen hij zag me, liet hij snel de steen vallen en liep hij weg.	Toen hij me zag, liet hij snel de steen vallen en liep hij weg.	s	f	verb-final	se s fv o	human			Toen hij me zag, liet hij snel de steen vallen en liep hij weg.
285	A2+	Engels	Nadat ik mijn buurvrouw opbelde en vertelde haar over wat is er gebeurd.	Daarna ik mijn buurvrouw belde en vertelde haar wat is er gebeurd.	Daarna belde ik mijn buurvrouw en vertelde haar wat er gebeurd is.	m	f	verb-second	a s o fv	human			Daarna belde ik mijn buurvrouw en vertelde haar wat er gebeurd is.
285	A2+	Engels	Nadat ik mijn buurvrouw opbelde en vertelde haar over wat is er gebeurd.	Daarna ik mijn buurvrouw belde en vertelde haar wat is er gebeurd.	Daarna belde ik mijn buurvrouw en vertelde haar wat er gebeurd is.	s	f	verb-final	se fv s nfv	human			Daarna belde ik mijn buurvrouw en vertelde haar wat er gebeurd is.
286	A2	Arabisch	Als je foutjes maakt, het niet zo erg is, je hoeft niet ermee te stoppen want je hebt veel oefeningen nodig om een nieuwe taal te behersenen.	Als je fouten maakt, dat niet erg is.	Als je fouten maakt, is dat niet erg.	m	f	verb-second	m s a a fv	AI			Als je fouten maakt, is dat niet erg.
288	A2	Spaans	Ik werkt vaak in de buiteland dus als ik thuis ben hou ik van mijn privaciteit, maar ik zie al dat in jouw huis zijn verschillende ruimtes gescheiden.	Maar ik zie dat in jouw huis zijn verschillende ruimtes gescheiden.	Maar ik zie dat in jouw huis verschillende ruimtes gescheiden zijn.	s	f	verb-final	se a fv s a	AI			Maar ik zie dat in jouw huis verschillende ruimtes gescheiden zijn.
290	A2	Spaans	Ik ben ziek daarom ik naar de les niet heb kunnen gaan.	Ik ben ziek, daarom ik niet naar de les kon gaan.	Ik ben ziek, daarom kon ik niet naar de les gaan.	m	f	verb-second	a s a po fv nfv	AI			Ik ben ziek, daarom kon ik niet naar de les gaan.
297	A2	Spaans	Vroeger ging we naar de buurtsupermarkt om te boodschappen doen, maar die was gesloten.	Vroeger gingen we naar de buurtsupermarkt om te boodschappen doen, maar die was gesloten.	Vroeger gingen we naar de buurtsupermarkt om boodschappen te doen, maar die was gesloten.	m	ic	post-verbal	a fv a om te o nfv	AI			Vroeger gingen we naar de buurtsupermarkt om boodschappen te doen, maar die was gesloten.
298	A2	Spaans	Opeens de ambulance crashte met een andere auto op de kruispunt.	Opeens de ambulance crashte met een andere auto op het kruispunt.	Opeens crashte de ambulance met een andere auto op het kruispunt.	m	f	verb-second	a s fv po a	AI			Opeens crashte de ambulance met een andere auto op het kruispunt.
300	A2	Braziliaans-Portugees	Hier het klimaat is belangrijk voor plannen welke activiteiten zullen we kiezen.	Hier het klimaat is belangrijk bij het plannen van welke activiteiten zullen we kiezen.	Hier is het klimaat belangrijk bij het plannen van welke activiteiten we zullen kiezen.	m	f	verb-second	a s fv a m	AI			Hier is het klimaat belangrijk bij het plannen van welke activiteiten we zullen kiezen.
300	A2	Braziliaans-Portugees	Hier het klimaat is belangrijk voor plannen welke activiteiten zullen we kiezen.	Hier het klimaat is belangrijk bij het plannen van welke activiteiten zullen we kiezen.	Hier is het klimaat belangrijk bij het plannen van welke activiteiten we zullen kiezen.	s	f	verb-final	se o fv s nfv	AI			Hier is het klimaat belangrijk bij het plannen van welke activiteiten we zullen kiezen.
301	A2	Braziliaans-Portugees	Maar ook denk ik dat de kust is niet het mooist.	Maar ik denk ook dat de kust is niet het mooiste.	Maar ik denk ook dat de kust niet het mooiste is.	s	f	verb-final	se s fv a o	AI	Maar ik denk ook dat de kust niet het mooist is.		Maar ik denk ook dat de kust niet het mooiste is.
302	A2	Braziliaans-Portugees	Maar hier kan je vinden een fantastisch plaats, of beter het meest fantastisch plaats dat ben ik gewest: Hallerbos.	Maar hier kun je vinden een fantastische plek, of beter gezegd de meest fantastische plek die heb ik bezocht: Hallerbos.	Maar hier kun je een fantastische plek vinden, of beter gezegd de meest fantastische plek die ik heb bezocht: Hallerbos.	m	nf	verb-final	ce a fv s nfv o	AI			Maar hier kun je een fantastische plek vinden, of beter gezegd de meest fantastische plek die ik heb bezocht: Hallerbos.
302	A2	Braziliaans-Portugees	Maar hier kan je vinden een fantastisch plaats, of beter het meest fantastisch plaats dat ben ik gewest: Hallerbos.	Maar hier kun je vinden een fantastische plek, of beter gezegd de meest fantastische plek die heb ik bezocht: Hallerbos.	Maar hier kun je een fantastische plek vinden, of beter gezegd de meest fantastische plek die ik heb bezocht: Hallerbos.	s	f	verb-final	se fv a nfv	AI			Maar hier kun je een fantastische plek vinden, of beter gezegd de meest fantastische plek die ik heb bezocht: Hallerbos.
304	A2	Lingala	We zijn in de wereld waarop alles is digitaal geworden.	We leven in een wereld waarin alles is digitaal geworden.	We leven in een wereld waarin alles digitaal is geworden.	s	f	verb-final	se s fv a nfv	AI			We leven in een wereld waarin alles digitaal is geworden.
306	A2	Lingala	Ik zou graag mezelf online daten doorgegaan hebben, maar ik moet voorzichtig zijn.	Ik zou graag met online daten doorgaan, maar ik moet voorzichtig zijn.	Ik zou graag doorgaan met online daten, maar ik moet voorzichtig zijn.	m	pc	post-verbal	s fv pc nfv	AI		Ik zou graag doorgaan met onlinedaten, maar ik moet voorzichtig zijn. 	Ik zou graag doorgaan met online daten, maar ik moet voorzichtig zijn.
307	A2	Italiaans	Zij hebben ook buiten tafels, dus we daar kunnen zitten of het zonnig is!	Ze hebben ook buitentafels, dus we daar kunnen zitten, zelfs als het zonnig is!	Ze hebben ook buitentafels, dus daar kunnen we zitten, zelfs als het zonnig is!	m	f	verb-second	ce s a fv nfv	AI			Ze hebben ook buitentafels, dus daar kunnen we zitten, zelfs als het zonnig is!
308	A2	Italiaans	Als het morgennamiddag tot 5u regent, achter kunnen we naar een park of iets drinken gaan.	Als het morgennamiddag tot 5 uur regent, daarna kunnen we naar een park gaan of iets gaan drinken.	Als het morgennamiddag tot 5 uur regent, kunnen we daarna naar een park gaan of iets gaan drinken.	m	f	verb-second	m a fv s po m	AI			Als het morgennamiddag tot 5 uur regent, kunnen we daarna naar een park gaan of iets gaan drinken.
310	B1+	Turks	Je moet goed analyseren de gevoelens van de mensen om met hun goed om te gaan.	Je moet goed analyseren de gevoelens van mensen om goed met hen om te kunnen gaan.	Je moet de gevoelens van mensen goed analyseren om goed met hen om te kunnen gaan.	m	nf	verb-final	s fv a nfv o	AI			Je moet de gevoelens van mensen goed analyseren om goed met hen om te kunnen gaan.
311	B1+	Turks	Je moet goede kennis van de taal die wordt gesproken in je land, hebben.	Je moet een goede kennis van de taal die wordt gesproken in je land hebben.	Je moet een goede kennis hebben van de taal die wordt gesproken in je land.	m	pc	post-verbal	s fv o pc nfv	AI		je moet een goede kennis van de taal hebben die in je land wordt gesproken. 	Je moet een goede kennis hebben van de taal die wordt gesproken in je land.
312	B1	Italiaans	Bovendien de sporten typen die we deden, waren altijd dezelfde en ik was er niet goed in.	Bovendien de sporten die we deden waren altijd dezelfde en was ik er niet goed in.	Bovendien waren de sporten die we deden altijd dezelfde en was ik er niet goed in.	m	f	verb-second	a s fv o m	AI			Bovendien waren de sporten die we deden altijd dezelfde en was ik er niet goed in.
314	A2	Spaans	Ik ben blij dat je bent hier volgende week.	Ik ben blij dat je bent hier volgende week.	Ik ben blij dat ik hier volgende week ben.	s	f	verb-final	se s fv a a	AI	Ik ben blij dat je hier volgende week bent.	Ik ben blij dat je hier volgende week bent. 	Ik ben blij dat je hier volgende week bent.
315	A2	Spaans	Jij moet in jouw koffer meenemen, een goede jas, sport kleding een en mooi jurk.	Jij moet in jouw koffer meenemen een goede jas, sportkleding en een mooie jurk.	Jij moet in jouw koffer een goede jas, sportkleding en een mooie jurk meenemen.	m	nf	verb-final	s fv a nfv o	AI			Jij moet in jouw koffer een goede jas, sportkleding en een mooie jurk meenemen.
318	A2+	Turks	ik denk dat ik ben verkouden.	Ik denk dat ik ben verkouden.	Ik denk dat ik verkouden ben.	s	f	verb-final	se s fv a	AI			Ik denk dat ik verkouden ben.
322	B1+	Engels	Als ik moet mijn selectiecriteria op te sommen, dan zou ik zeggen dat mijn ideale partner moet grappig zijn en bereid om over hun voelens te praten.	Als ik moet mijn selectiecriteria opsommen, zou ik zeggen dat mijn ideale partner moet grappig zijn en bereid moet zijn om over hun gevoelens te praten.	Als ik mijn selectiecriteria moet opsommen, zou ik zeggen dat mijn ideale partner grappig moet zijn en bereid moet zijn om over hun gevoelens te praten.	s	f	verb-final	se s fv o nfv	AI			Als ik mijn selectiecriteria moet opsommen, zou ik zeggen dat mijn ideale partner grappig moet zijn en bereid moet zijn om over hun gevoelens te praten.
322	B1+	Engels	Als ik moet mijn selectiecriteria op te sommen, dan zou ik zeggen dat mijn ideale partner moet grappig zijn en bereid om over hun voelens te praten.	Als ik moet mijn selectiecriteria opsommen, zou ik zeggen dat mijn ideale partner moet grappig zijn en bereid moet zijn om over hun gevoelens te praten.	Als ik mijn selectiecriteria moet opsommen, zou ik zeggen dat mijn ideale partner grappig moet zijn en bereid moet zijn om over hun gevoelens te praten.	s	f	verb-final	se s fv a nfv m	AI			Als ik mijn selectiecriteria moet opsommen, zou ik zeggen dat mijn ideale partner grappig moet zijn en bereid moet zijn om over hun gevoelens te praten.
325	B2	Grieks	Bijgevolg had ik niet zo veel kansen om andere mensen leren te kennen.	Bijgevolg had ik niet zo veel kansen om andere mensen leren te kennen.	Bijgevolg had ik niet zo veel kansen om andere mensen te leren kennen.	m	ic	post-verbal	a fv s a a o om o nfv te nfv	AI			Bijgevolg had ik niet zo veel kansen om andere mensen te leren kennen.
328	A2+	Engels	Ik schrijf je dit mailtje om je te informeren dat wij zijn in Maleisi� goed aangekomen.	Ik schrijf je deze e-mail om je te informeren dat we zijn in Maleisi� goed aangekomen.	Ik schrijf je deze e-mail om je te informeren dat we goed zijn aangekomen in Maleisi�.	s	pc	post-verbal	se s fv pc a nfv	AI			Ik schrijf je deze e-mail om je te informeren dat we goed zijn aangekomen in Maleisi�.
